year,美国,高收入国家,发展中国家,全球
'12,4.374152514,2.913676193,1.869948991,1.480411682
'13,7.215840574,9.395139202,2.117879006,9.374247803
'14,8.513707942,4.816288892,1.881621113,1.52656649
'15,2.242131461,9.305194832,4.957138243,6.312364716
'16,4.096082324,0.591844558,9.987172494,7.302655495
