NAME,province,zhibiao2014,zhibiao2015,changepct
北京市,北京,900,921,0.023333333
上海市,上海,644,927,0.43944099
湖北省,湖北,856,655,-0.23481308
广东省,广东,764,994,0.30104712
海南省,海南,865,702,-0.18843931
四川省,四川,546,636,0.16483516
西藏自治区,西藏,658,924,0.40425532
青海省,青海,746,624,-0.16353887
新疆维吾尔自治区,新疆,601,523,-0.12978369
台湾省,台湾,783,613,-0.21711367
